path,bytes,sha256,category,lines
Audit_Kaizen_L_i_i_n_nh_b_n_xu_t_TikTok.md,5808,b7b6d6dfde8938e1eafc69d76f53ed4405a26d8f78a122f6dc312a467c3734ae,knowledge,54
capcut-workflow.md,1900,bad8c2543f81b61e4ab446d32854a1ef7f6a398c2e51b20ed8c3dd0cd1b8f8b4,knowledge,30
character-swap.md,1433,b3fc8165de191f2bbab8878b0b174484a3c2187057987b00fb71a49ee0cffcef,knowledge,18
loi-doc-phu-de-mix.md,4310,238feecd2d6716f3bb22ba95fec63f9673f80078f0a055ce8b210da1ceef4d48,knowledge,79
mang noron.rar,15479,ba2c28bf6e37d9512b9813bcae50cc64117f67d4569f605f2b2123f0d3b1f2d2,archive,
mang noron.rar!/mang noron/01-mang-no-ron-hoc-nhu-the-nao.md,1589,3eeaddf2d7aa440cc9303869571658b86398baeb3c1d4d80930c721f0a56bafe,knowledge,16
mang noron.rar!/mang noron/02-3-loi-khien-ai-hoc-lech.md,1663,76c6d695a29c82f5fabb2f355decc06d66a17fd6735d1c2aa93c43528a10f0f7,knowledge,17
mang noron.rar!/mang noron/03-cnn-rnn-transformer-khac-nhau.md,1724,0797fdf21a4ae457c70fac758217f71ed5f592d1385848d63ced1e82cb92f51d,knowledge,17
mang noron.rar!/mang noron/04-hoi-dap-workflow-ai-agent.md,1636,fe5e530e7bd4121f8bb9a71522969d4dc4138b26e27e02149f9bc73f9dae806d,knowledge,16
mang noron.rar!/mang noron/05-mot-ngay-lam-viec-cua-ai-agent-kho.md,1753,de71110e0704d64d4e8c3f285446b1e11aac277f2f8a3eeab3cc52f18266dafa,knowledge,17
mang noron.rar!/mang noron/06-5-nguyen-tac-giao-viec-cho-ai-agent.md,1717,e104dd0f56fd2b86ab9b1d272e6cdacb7f30eca87416b4413a2ddfc819117950,knowledge,19
mang noron.rar!/mang noron/README.md,2539,befad2fc5db8aa8f547fa23af23da712591787bfb3913273ff711916f8f09602,knowledge,43
mang noron.rar!/mang noron/SKILL.md,17185,7b86a535a2a707e83a6409c0164e50387ccdf4b15ff783d6931068134174c004,knowledge,219
README.md,1221,a78bc4096ee2196e8faa505f7370a13e2398b2d3a2941d33f8b82103052fe5c7,knowledge,18
san-xuat-dien-anh.md,5608,5e69869e4f5ed16af895798b0d8c600674f03eda6ae04829c634aebab271df6c,knowledge,71
shot-list-30-keyframes (1).md,13730,7c984f5aa9e8fd6c113f5945b05aa1d85140e7c5f042520c8d34d11f3c65c003,knowledge,335
shot-list-30-keyframes.md,13730,7c984f5aa9e8fd6c113f5945b05aa1d85140e7c5f042520c8d34d11f3c65c003,knowledge,335
SKILL (1).md,17185,7b86a535a2a707e83a6409c0164e50387ccdf4b15ff783d6931068134174c004,knowledge,219
SKILL.md,17185,7b86a535a2a707e83a6409c0164e50387ccdf4b15ff783d6931068134174c004,knowledge,219
tiktok-director-skillpack-v2.zip,93504,cb5352ee24aea360b583853a2c7a39cdb0e6882ab0ed2fc50fd39dad813e8d14,archive,
tiktok-director-skillpack-v2.zip!/AUDIT-KAIZEN.md,9394,36eb2ae34b263c128c68305ba6965a762611ce56daeb0a74bffc3fa088849660,knowledge,116
tiktok-director-skillpack-v2.zip!/knowledge/README.md,2539,befad2fc5db8aa8f547fa23af23da712591787bfb3913273ff711916f8f09602,knowledge,43
tiktok-director-skillpack-v2.zip!/knowledge/video-briefs/01-mang-no-ron-hoc-nhu-the-nao.md,1589,3eeaddf2d7aa440cc9303869571658b86398baeb3c1d4d80930c721f0a56bafe,knowledge,16
tiktok-director-skillpack-v2.zip!/knowledge/video-briefs/02-3-loi-khien-ai-hoc-lech.md,1663,76c6d695a29c82f5fabb2f355decc06d66a17fd6735d1c2aa93c43528a10f0f7,knowledge,17
tiktok-director-skillpack-v2.zip!/knowledge/video-briefs/03-cnn-rnn-transformer-khac-nhau.md,1724,0797fdf21a4ae457c70fac758217f71ed5f592d1385848d63ced1e82cb92f51d,knowledge,17
tiktok-director-skillpack-v2.zip!/knowledge/video-briefs/04-hoi-dap-workflow-ai-agent.md,1636,fe5e530e7bd4121f8bb9a71522969d4dc4138b26e27e02149f9bc73f9dae806d,knowledge,16
tiktok-director-skillpack-v2.zip!/knowledge/video-briefs/05-mot-ngay-lam-viec-cua-ai-agent-kho.md,1753,de71110e0704d64d4e8c3f285446b1e11aac277f2f8a3eeab3cc52f18266dafa,knowledge,17
tiktok-director-skillpack-v2.zip!/knowledge/video-briefs/06-5-nguyen-tac-giao-viec-cho-ai-agent.md,1717,e104dd0f56fd2b86ab9b1d272e6cdacb7f30eca87416b4413a2ddfc819117950,knowledge,19
tiktok-director-skillpack-v2.zip!/knowledge-v2/brief-template-v2.md,1922,7b53bb039757d007abbdfb343d3a6d0b1d9a5a482b1d9ce227054010790e42c1,knowledge,27
tiktok-director-skillpack-v2.zip!/knowledge-v2/video-briefs/01-mang-no-ron-hoc-nhu-the-nao.md,1910,1fa226dacd934c554059837e437191f368020f711cfc1b70a008663ebf4a56e0,knowledge,26
tiktok-director-skillpack-v2.zip!/knowledge-v2/video-briefs/02-3-loi-khien-ai-hoc-lech.md,1988,8d136687174eadf1a177937c24f6af7c30b8ecf4433b27d80d01e4564212a17f,knowledge,27
tiktok-director-skillpack-v2.zip!/knowledge-v2/video-briefs/03-cnn-rnn-transformer-khac-nhau.md,2022,b42878c5c0546958d0c4e84a265d83ab43369137c0b24d400208396ae2c99304,knowledge,28
tiktok-director-skillpack-v2.zip!/knowledge-v2/video-briefs/04-hoi-dap-workflow-ai-agent.md,2061,f19ff45c5b55bd18dfeeafb743a620aee1501716b94e5b8f56ea51cc1fcd5af1,knowledge,26
tiktok-director-skillpack-v2.zip!/knowledge-v2/video-briefs/05-mot-ngay-lam-viec-cua-ai-agent-kho.md,2278,99c16c2f803cec53a58dcf493b5fee4971d77c7b5f2ac6875684c44fee98b8e0,knowledge,27
tiktok-director-skillpack-v2.zip!/knowledge-v2/video-briefs/06-5-nguyen-tac-giao-viec-cho-ai-agent.md,2372,f6d955c5b743eb92b6c7727e137f36bdd26d59593bd2552c2d2cd279c7dbeeae,knowledge,29
tiktok-director-skillpack-v2.zip!/director-studio-app-v2/convex/schema.ts,3346,0da32751e0cfc1ebad82cc838e184dceb7d2c5a0ade5135719a762c1a6073530,source,119
tiktok-director-skillpack-v2.zip!/director-studio-app-v2/convex/app.ts,16140,98aba6e2cbf6a6c9326f71aa80dabd5bc7a7a996d6bbe17451c8af19c115b0aa,source,491
tiktok-director-skillpack-v2.zip!/director-studio-app-v2/src/App.tsx,127752,bce13bd95c4ce636e01d9175abadfa69e77172c9b1f9eac934e733bda481051f,source,2612
tiktok-director-skillpack-v2.zip!/director-studio-app-v2/src/styles.css,18994,0785995ce416f08685f9385df3a710fbff5088a5d538acad88fbdfe83165000c,source,978
tiktok-director-skillpack-v2.zip!/director-studio-app-v2/README.md,1494,a00461887b807f7dcc5ddc6454c33281d3fc17066b18b707b170d1923c40469d,knowledge,17
tiktok-director-skillpack-v2.zip!/tiktok-director-skill/SKILL.md,17185,7b86a535a2a707e83a6409c0164e50387ccdf4b15ff783d6931068134174c004,knowledge,219
tiktok-director-skillpack-v2.zip!/tiktok-director-skill/README.md,1221,a78bc4096ee2196e8faa505f7370a13e2398b2d3a2941d33f8b82103052fe5c7,knowledge,18
tiktok-director-skillpack-v2.zip!/tiktok-director-skill/references/loi-doc-phu-de-mix.md,4310,238feecd2d6716f3bb22ba95fec63f9673f80078f0a055ce8b210da1ceef4d48,knowledge,79
tiktok-director-skillpack-v2.zip!/tiktok-director-skill/references/capcut-workflow.md,1900,bad8c2543f81b61e4ab446d32854a1ef7f6a398c2e51b20ed8c3dd0cd1b8f8b4,knowledge,30
tiktok-director-skillpack-v2.zip!/tiktok-director-skill/references/san-xuat-dien-anh.md,5608,5e69869e4f5ed16af895798b0d8c600674f03eda6ae04829c634aebab271df6c,knowledge,71
tiktok-director-skillpack-v2.zip!/tiktok-director-skill/references/character-swap.md,1433,b3fc8165de191f2bbab8878b0b174484a3c2187057987b00fb71a49ee0cffcef,knowledge,18
tiktok-director-skillpack-v2.zip!/tiktok-director-skill/shot-list-30-keyframes.md,13730,7c984f5aa9e8fd6c113f5945b05aa1d85140e7c5f042520c8d34d11f3c65c003,knowledge,335
tiktok-director-skillpack.zip,58229,54f7142b5d7bdcbd0f1781856b366aedf08e26e1938bd700d1f0339c7459e30d,archive,
tiktok-director-skillpack.zip!/TONG-HOP.md,1823,5968e2d7a6ce5445bef14ca8391c84b3f223e656bd76931df6e40f1bc3ea23cc,knowledge,25
tiktok-director-skillpack.zip!/tiktok-director-skill/SKILL.md,17185,7b86a535a2a707e83a6409c0164e50387ccdf4b15ff783d6931068134174c004,knowledge,219
tiktok-director-skillpack.zip!/tiktok-director-skill/README.md,1221,a78bc4096ee2196e8faa505f7370a13e2398b2d3a2941d33f8b82103052fe5c7,knowledge,18
tiktok-director-skillpack.zip!/tiktok-director-skill/references/loi-doc-phu-de-mix.md,4310,238feecd2d6716f3bb22ba95fec63f9673f80078f0a055ce8b210da1ceef4d48,knowledge,79
tiktok-director-skillpack.zip!/tiktok-director-skill/references/capcut-workflow.md,1900,bad8c2543f81b61e4ab446d32854a1ef7f6a398c2e51b20ed8c3dd0cd1b8f8b4,knowledge,30
tiktok-director-skillpack.zip!/tiktok-director-skill/references/san-xuat-dien-anh.md,5608,5e69869e4f5ed16af895798b0d8c600674f03eda6ae04829c634aebab271df6c,knowledge,71
tiktok-director-skillpack.zip!/tiktok-director-skill/references/character-swap.md,1433,b3fc8165de191f2bbab8878b0b174484a3c2187057987b00fb71a49ee0cffcef,knowledge,18
tiktok-director-skillpack.zip!/tiktok-director-skill/shot-list-30-keyframes.md,13730,7c984f5aa9e8fd6c113f5945b05aa1d85140e7c5f042520c8d34d11f3c65c003,knowledge,335
tiktok-director-skillpack.zip!/director-studio-app/convex/schema.ts,2436,23721027af5895d12d5c43866b6ad51ba546802488c5ca513f44232c784249e7,source,99
tiktok-director-skillpack.zip!/director-studio-app/convex/app.ts,9663,1cb0e463f6791b359f0d993ee42761a0927bc52af10e5fc37b9f4c5baf95d720,source,297
tiktok-director-skillpack.zip!/director-studio-app/src/App.tsx,85945,747c519cc9b6d9d8c73c9b682f4fbc9cdee6e5be2d0ccc28e2a92d5459e02c1c,source,1803
tiktok-director-skillpack.zip!/director-studio-app/src/styles.css,17196,38a047f323309348324a40aca9a5c9c337508a4c56889100dc0fa9d1bd691ada,source,882
tiktok-director-skillpack.zip!/director-studio-app/README.md,1965,826ecdd4f040b8c604d220a56c85dd97164b9f8c6bc828454fca83db361482d1,knowledge,31
tiktok-viral-video-skill.zip,13508,17ead4566220da1c696fe080189013f334cc80e4751d8e74ff03a8bcc9246547,archive,
tiktok-viral-video-skill.zip!/tiktok-viral-video/SKILL.md,15536,78483f66b9de610f3110ce45be4dc7523318a77507fa2aca10ee7e2c465a804d,knowledge,195
tiktok-viral-video-skill.zip!/tiktok-viral-video/references/capcut-workflow.md,1548,d5abe0dc62373c3342480f94a787b9ee7c958604f534acbfae94c6472c6d2598,knowledge,15
tiktok-viral-video-skill.zip!/tiktok-viral-video/references/character-swap.md,1405,f400275f5ef2490780649b794d3ac9a572377abc0f39b6256eba009f833c83b1,knowledge,11
tiktok-viral-video-skill.zip!/tiktok-viral-video/references/loi-doc-phu-de-mix.md,3121,46d92aaa1a6cb9e4f042c9ab7e5f08748601ac79e221f222481af7f2f61c9c0a,knowledge,23
tiktok-viral-video-skill.zip!/tiktok-viral-video/references/san-xuat-dien-anh.md,3338,43f863322662456ff5c5fb4acbbe03843e6d5b4fd841b19b57b839b203a4c14e,knowledge,44
TikTok_Video_Maker.zip,466027,9d7eb9b0bdba6851f65fee427be754e43a55b59d7860e623302e1f78942659b0,archive,
TikTok_Video_Maker.zip!/.type/integrations.json,40,217dfcdd5d6ed0090768ea6691dfc02ac9c557cb1f1b921b7264e96a65cb1e65,platform-config,4
TikTok_Video_Maker.zip!/.type/viewer-policy.json,52,d6a3dc5712d8208d14830ec90ac00667a8f5607fb64983c0c8330d2020a0ff45,platform-config,4
TikTok_Video_Maker.zip!/bun.lock,36541,685594a90955f793701dc687a1ea07db374735f3c151984b9d29d71866315e49,dependency-lock,318
TikTok_Video_Maker.zip!/convex/_generated/api.d.ts,1299,2ddb2761adfac39b33c700dd4e717a647edb4df21150c3adcf05d0703da61456,generated-bindings,38
TikTok_Video_Maker.zip!/convex/_generated/api.js,480,f513058549831e85376f8d19cafaf2a4a770b6eb1b859fb371141f2c9dec0d70,generated-bindings,23
TikTok_Video_Maker.zip!/convex/_generated/dataModel.d.ts,1736,db177073d16a4393c7a96bcdc3a2a904e88c2432d54d138ca7715cc431982c17,generated-bindings,60
TikTok_Video_Maker.zip!/convex/_generated/server.d.ts,5663,786dd4d1343c1712951d44d9cb493887f0d8b293e028930c4a9c7cc16f06c70e,generated-bindings,145
TikTok_Video_Maker.zip!/convex/_generated/server.js,3729,d898c3306539b61b39c6389f6b8352ec315c76746cbdce6bb12fb437e512bef5,generated-bindings,95
TikTok_Video_Maker.zip!/convex/app.ts,4890,a5fcb825549f4c76004fc3bc3e4353aa313394b43b0575cc1602da4f174f6799,source,170
TikTok_Video_Maker.zip!/convex/auth.config.ts,485,146fd3c3910c0e8e33cd28814b03112965916c8ac3e987656b965b3cd8b1b3dc,source,13
TikTok_Video_Maker.zip!/convex/schema.ts,457,d4e106fba80f616a8e45bccda8981393b047f1fe6f5b5e795a1f28ac8af17418,source,15
TikTok_Video_Maker.zip!/convex/tsconfig.json,427,372947b6ea2f705d758ee11eba9716a1be0f06262aa2afb5bfd253f2c24b568b,source,18
TikTok_Video_Maker.zip!/convex/typeAppData.ts,5686,c96887886999a1f793a29aa5f9667536a87d0a9db4b8984aad750ee416759094,source,197
TikTok_Video_Maker.zip!/convex/typeFunctions.ts,10599,016732ea3ab7c6cb0d9712881b4f057df9ee18b89cc3f2731b7aa32f584aed80,source,314
TikTok_Video_Maker.zip!/convex/typePlatform.ts,6630,e4dfc5112f15fca3116a1eab0d9a6f4513820f53df6b06bca34b91ec925dc6ab,source,209
TikTok_Video_Maker.zip!/convex/typeSchema.ts,808,d004acec26b85edb1ad5f39d66fa4195c573988c21aad1ee5f7625b543116618,source,25
TikTok_Video_Maker.zip!/convex/validators.ts,684,956a86f3acbe4044b9b445627f090233cd293f313ad53a40df24ffbae99cdc73,source,24
TikTok_Video_Maker.zip!/dist/assets/index-BUjYa2Y3.js,291968,66026a258ba0b2808f002c94526094f88573815c858cd084c77a9477efc10956,compiled-artifact,60
TikTok_Video_Maker.zip!/dist/assets/index-Dn8xgPVr.css,11582,6bc0240f4820bad4828d9656e27b48b817f31c14891ece62169ef442d0f6bf31,compiled-artifact,1
TikTok_Video_Maker.zip!/dist/index.html,403,449f211cc3bf7d05e88ad472480eae82fd2d229573314309f2c5e6b81b9f9762,compiled-artifact,13
TikTok_Video_Maker.zip!/index.html,303,00612d2f6250435aafafd53a9398cf189ea3debe0e04662bd9076dd35995fc03,source,12
TikTok_Video_Maker.zip!/package.json,420,d585805792491aa8feb9a26979f1b9547cc34b60fe2e37d64ddfa635c442e212,source,21
TikTok_Video_Maker.zip!/src/App.tsx,40432,659f817fdc95c4857e360b3d8d3150808bbc368e20e7c8c85aa1f70f60977a93,source,1159
TikTok_Video_Maker.zip!/src/main.tsx,1506,7c5f09febff35ca55c17fcff10f9530994e62dac9451cfc45cf46feaf749a4bd,source,41
TikTok_Video_Maker.zip!/src/render.ts,8462,7e5b21f0d7bfce4e9c75e85bddea1363f348947d396244501efc1c1ac80f4e4f,source,269
TikTok_Video_Maker.zip!/src/styles.css,14892,7115305d3ab237a594ab21f9a30220474f2fb24f3beb658af30c9a19f51a4f64,source,770
TikTok_Video_Maker.zip!/src/type.d.ts,3825,4bd62aceefaa7e11315069a677c121b1f76ab5ce3ac5c44fafc8c4f8f93d6965,source,114
TikTok_Video_Maker.zip!/src/typeAuth.tsx,6461,8c6d1f24a52458b8f807d9cc584ac8fc6297e3085479c7c9653fd8ef167b9918,source,232
TikTok_Video_Maker.zip!/tsconfig.json,376,30abbf26834586ecd5aef987662f31e255b3b315b451ca0d824f55db6a0f63ab,source,16
TikTok_Video_Maker.zip!/vite.config.ts,225,3704b62ade1df416565153f4169ea5788ef3b1422f15b2e96bf83c4344f571bc,source,8
TikTok_Video_Maker.zip!/.type/app-config.json,844,e7d4671361a6e662fcbcc5744725c4f38ab55f9b7414394519ee884b54f5fabb,platform-config,21
mang noron/01-mang-no-ron-hoc-nhu-the-nao.md,1589,3eeaddf2d7aa440cc9303869571658b86398baeb3c1d4d80930c721f0a56bafe,knowledge,16
mang noron/02-3-loi-khien-ai-hoc-lech.md,1663,76c6d695a29c82f5fabb2f355decc06d66a17fd6735d1c2aa93c43528a10f0f7,knowledge,17
mang noron/03-cnn-rnn-transformer-khac-nhau.md,1724,0797fdf21a4ae457c70fac758217f71ed5f592d1385848d63ced1e82cb92f51d,knowledge,17
mang noron/04-hoi-dap-workflow-ai-agent.md,1636,fe5e530e7bd4121f8bb9a71522969d4dc4138b26e27e02149f9bc73f9dae806d,knowledge,16
mang noron/05-mot-ngay-lam-viec-cua-ai-agent-kho.md,1753,de71110e0704d64d4e8c3f285446b1e11aac277f2f8a3eeab3cc52f18266dafa,knowledge,17
mang noron/06-5-nguyen-tac-giao-viec-cho-ai-agent.md,1717,e104dd0f56fd2b86ab9b1d272e6cdacb7f30eca87416b4413a2ddfc819117950,knowledge,19
mang noron/README.md,2539,befad2fc5db8aa8f547fa23af23da712591787bfb3913273ff711916f8f09602,knowledge,43
mang noron/SKILL.md,17185,7b86a535a2a707e83a6409c0164e50387ccdf4b15ff783d6931068134174c004,knowledge,219
